{"Discriminator Loss": 0.28045142292976377, "Generator Loss": 7.526923305215081, "Training Accuracy": 92.17333333333333, "Test Accuracy": 92.06, "Action Heatmap": {"_type": "images/separated", "width": 28, "height": 28, "format": "png", "count": 1, "filenames": ["media/images/Action Heatmap_20_813323aa8431828cbbb7.png"], "captions": ["Action Heatmap"]}, "_timestamp": 1696334750.8100832, "_runtime": 464.7136740684509, "_step": 20, "_wandb": {"runtime": 466}}