{"Discriminator Loss": 0.2514940693974495, "Generator Loss": 4.835323012371082, "Training Accuracy": 93.08, "Test Accuracy": 92.52, "Action Heatmap": {"_type": "images/separated", "width": 28, "height": 28, "format": "png", "count": 1, "filenames": ["media/images/Action Heatmap_49_7c85eaa5c779bdf1d723.png"], "captions": ["Action Heatmap"]}, "Brightness Histogram": {"_type": "images/separated", "width": 1000, "height": 500, "format": "png", "count": 1, "filenames": ["media/images/Brightness Histogram_49_9fddb3e759a70a1ecfd7.png"], "captions": ["Brightness Histogram"]}, "_timestamp": 1696339872.846398, "_runtime": 1180.4223730564117, "_step": 49, "parameters/graph_5conv.weight": {"_type": "histogram", "values": [2.0, 2.0, 3.0, 1.0, 3.0, 8.0, 6.0, 2.0, 8.0, 3.0, 3.0, 4.0, 4.0, 4.0, 10.0, 4.0, 7.0, 2.0, 5.0, 8.0, 5.0, 6.0, 6.0, 4.0, 4.0, 4.0, 7.0, 6.0, 3.0, 5.0, 8.0, 4.0, 4.0, 5.0, 6.0, 4.0, 4.0, 5.0, 1.0, 8.0, 5.0, 1.0, 4.0, 2.0, 3.0, 4.0, 3.0, 8.0, 6.0, 8.0, 4.0, 4.0, 3.0, 6.0, 5.0, 2.0, 5.0, 8.0, 2.0, 0.0, 5.0, 6.0, 4.0, 2.0], "bins": [-0.34547725319862366, -0.33483994007110596, -0.32420262694358826, -0.31356531381607056, -0.30292797088623047, -0.29229065775871277, -0.28165334463119507, -0.27101603150367737, -0.26037871837615967, -0.24974140524864197, -0.23910409212112427, -0.22846676409244537, -0.21782945096492767, -0.20719213783740997, -0.19655480980873108, -0.18591749668121338, -0.17528018355369568, -0.16464287042617798, -0.15400555729866028, -0.14336822926998138, -0.13273091614246368, -0.12209360301494598, -0.11145628243684769, -0.10081896185874939, -0.09018164873123169, -0.07954433560371399, -0.06890701502561569, -0.058269698172807693, -0.047632381319999695, -0.036995064467191696, -0.026357747614383698, -0.0157204307615757, -0.0050831139087677, 0.0055542029440402985, 0.016191519796848297, 0.026828836649656296, 0.037466153502464294, 0.04810347035527229, 0.05874078720808029, 0.06937810778617859, 0.08001542091369629, 0.09065273404121399, 0.10129005461931229, 0.11192737519741058, 0.12256468832492828, 0.13320200145244598, 0.14383932948112488, 0.15447664260864258, 0.16511395573616028, 0.17575126886367798, 0.18638858199119568, 0.19702591001987457, 0.20766322314739227, 0.21830053627490997, 0.22893786430358887, 0.23957517743110657, 0.25021249055862427, 0.26084980368614197, 0.27148711681365967, 0.28212442994117737, 0.29276174306869507, 0.30339908599853516, 0.31403639912605286, 0.32467371225357056, 0.33531102538108826]}, "parameters/graph_5conv.bias": {"_type": "histogram", "values": [1.0, 0.0, 0.0, 0.0, 1.0, 0.0, 0.0, 0.0, 0.0, 0.0, 0.0, 0.0, 0.0, 0.0, 1.0, 0.0, 1.0, 1.0, 1.0, 0.0, 1.0, 1.0, 0.0, 1.0, 2.0, 2.0, 0.0, 2.0, 1.0, 1.0, 1.0, 1.0, 0.0, 0.0, 0.0, 2.0, 0.0, 0.0, 1.0, 1.0, 0.0, 0.0, 1.0, 0.0, 1.0, 1.0, 1.0, 0.0, 0.0, 1.0, 0.0, 1.0, 0.0, 0.0, 1.0, 1.0, 0.0, 0.0, 0.0, 0.0, 0.0, 0.0, 0.0, 1.0], "bins": [-0.28374335169792175, -0.2744847238063812, -0.2652261257171631, -0.25596749782562256, -0.24670886993408203, -0.2374502420425415, -0.22819162905216217, -0.21893301606178284, -0.2096743881702423, -0.20041576027870178, -0.19115714728832245, -0.18189853429794312, -0.1726399064064026, -0.16338127851486206, -0.15412266552448273, -0.1448640525341034, -0.13560542464256287, -0.12634679675102234, -0.117088183760643, -0.10782956331968307, -0.09857094287872314, -0.08931232243776321, -0.08005370199680328, -0.07079508155584335, -0.06153646111488342, -0.05227784067392349, -0.04301922023296356, -0.03376059979200363, -0.0245019793510437, -0.01524335891008377, -0.00598473846912384, 0.00327388197183609, 0.012532532215118408, 0.02179115265607834, 0.03104977309703827, 0.0403083935379982, 0.04956701397895813, 0.05882563441991806, 0.06808425486087799, 0.07734287530183792, 0.08660149574279785, 0.09586011618375778, 0.10511873662471771, 0.11437735706567764, 0.12363597750663757, 0.1328946053981781, 0.14215321838855743, 0.15141183137893677, 0.1606704592704773, 0.16992908716201782, 0.17918770015239716, 0.1884463131427765, 0.19770494103431702, 0.20696356892585754, 0.21622218191623688, 0.2254807949066162, 0.23473942279815674, 0.24399805068969727, 0.2532566785812378, 0.26251527667045593, 0.27177390456199646, 0.281032532453537, 0.2902911305427551, 0.29954975843429565, 0.3088083863258362]}, "parameters/graph_5fc.weight": {"_type": "histogram", "values": [3.0, 2.0, 1.0, 2.0, 4.0, 5.0, 5.0, 4.0, 17.0, 15.0, 25.0, 33.0, 64.0, 94.0, 114.0, 171.0, 262.0, 406.0, 614.0, 1043.0, 2068.0, 4287.0, 10476.0, 36066.0, 73955.0, 72549.0, 31677.0, 8777.0, 3652.0, 1756.0, 964.0, 585.0, 348.0, 245.0, 168.0, 121.0, 89.0, 61.0, 35.0, 25.0, 25.0, 20.0, 9.0, 12.0, 5.0, 7.0, 2.0, 3.0, 0.0, 2.0, 0.0, 1.0, 0.0, 2.0, 0.0, 0.0, 1.0, 1.0, 0.0, 0.0, 0.0, 0.0, 1.0, 1.0], "bins": [-0.12505944073200226, -0.12004360556602478, -0.1150277704000473, -0.11001193523406982, -0.10499610006809235, -0.09998026490211487, -0.09496442973613739, -0.08994859457015991, -0.08493275940418243, -0.07991692423820496, -0.07490108907222748, -0.06988525390625, -0.06486941874027252, -0.059853583574295044, -0.054837748408317566, -0.04982191324234009, -0.04480607807636261, -0.03979024291038513, -0.034774407744407654, -0.029758572578430176, -0.024742737412452698, -0.01972690224647522, -0.014711067080497742, -0.009695231914520264, -0.004679396748542786, 0.0003364384174346924, 0.00535227358341217, 0.010368108749389648, 0.015383943915367126, 0.020399779081344604, 0.025415614247322083, 0.03043144941329956, 0.035447269678115845, 0.04046310484409332, 0.0454789400100708, 0.05049477517604828, 0.05551061034202576, 0.060526445508003235, 0.06554228067398071, 0.07055811583995819, 0.07557395100593567, 0.08058978617191315, 0.08560562133789062, 0.0906214565038681, 0.09563729166984558, 0.10065312683582306, 0.10566896200180054, 0.11068479716777802, 0.1157006323337555, 0.12071646749973297, 0.12573230266571045, 0.13074813783168793, 0.1357639729976654, 0.14077980816364288, 0.14579564332962036, 0.15081147849559784, 0.15582731366157532, 0.1608431488275528, 0.16585898399353027, 0.17087481915950775, 0.17589065432548523, 0.1809064894914627, 0.18592232465744019, 0.19093815982341766, 0.19595399498939514]}, "parameters/graph_5fc.bias": {"_type": "histogram", "values": [2.0, 0.0, 0.0, 0.0, 0.0, 0.0, 0.0, 0.0, 0.0, 0.0, 0.0, 0.0, 1.0, 0.0, 0.0, 0.0, 0.0, 0.0, 0.0, 0.0, 0.0, 0.0, 0.0, 0.0, 0.0, 0.0, 0.0, 0.0, 0.0, 0.0, 0.0, 0.0, 1.0, 0.0, 0.0, 0.0, 0.0, 0.0, 0.0, 0.0, 0.0, 0.0, 0.0, 1.0, 1.0, 1.0, 0.0, 0.0, 0.0, 0.0, 0.0, 1.0, 0.0, 1.0, 0.0, 0.0, 0.0, 0.0, 0.0, 0.0, 0.0, 0.0, 0.0, 1.0], "bins": [-0.004248159471899271, -0.00408107740804553, -0.003913994878530502, -0.0037469128146767616, -0.003579830750823021, -0.0034127486869692802, -0.003245666390284896, -0.0030785840936005116, -0.002911502029746771, -0.00274441996589303, -0.002577337669208646, -0.0024102553725242615, -0.0022431733086705208, -0.00207609124481678, -0.0019090089481323957, -0.0017419267678633332, -0.0015748445875942707, -0.0014077624073252082, -0.0012406802270561457, -0.0010735980467870831, -0.0009065158665180206, -0.0007394336862489581, -0.0005723515059798956, -0.00040526932571083307, -0.00023818714544177055, -7.110496517270803e-05, 9.597721509635448e-05, 0.000263059395365417, 0.0004301415756344795, 0.000597223755903542, 0.0007643059361726046, 0.0009313881164416671, 0.0010984698310494423, 0.0012655520113185048, 0.0014326341915875673, 0.0015997163718566298, 0.0017667985521256924, 0.0019338807323947549, 0.0021009629126638174, 0.0022680452093482018, 0.0024351272732019424, 0.002602209337055683, 0.0027692916337400675, 0.002936373930424452, 0.0031034559942781925, 0.003270538058131933, 0.0034376203548163176, 0.003604702651500702, 0.0037717847153544426, 0.003938866779208183, 0.004105948843061924, 0.004273031372576952, 0.004440113436430693, 0.004607195500284433, 0.004774278029799461, 0.004941360093653202, 0.005108442157506943, 0.0052755242213606834, 0.005442606285214424, 0.005609688814729452, 0.005776770878583193, 0.0059438529424369335, 0.0061109354719519615, 0.006278017535805702, 0.006445099599659443]},