{"Epoch": 33, "Discriminator Loss": 0.2563334859907627, "Generator Loss": -0.3319992129971693, "Training Accuracy": 92.855, "Test Accuracy": 92.18, "_timestamp": 1696332369.1148367, "_runtime": 561.2170956134796, "_step": 33, "parameters/graph_1conv.weight": {"_type": "histogram", "values": [3.0, 4.0, 5.0, 2.0, 6.0, 1.0, 3.0, 11.0, 7.0, 0.0, 1.0, 5.0, 4.0, 1.0, 4.0, 5.0, 4.0, 6.0, 7.0, 2.0, 4.0, 4.0, 6.0, 3.0, 5.0, 6.0, 5.0, 2.0, 6.0, 3.0, 2.0, 5.0, 3.0, 3.0, 7.0, 8.0, 4.0, 8.0, 4.0, 4.0, 7.0, 3.0, 3.0, 6.0, 6.0, 9.0, 9.0, 5.0, 3.0, 2.0, 6.0, 5.0, 9.0, 7.0, 2.0, 4.0, 5.0, 5.0, 2.0, 4.0, 8.0, 3.0, 0.0, 2.0], "bins": [-0.34962061047554016, -0.338344931602478, -0.3270692229270935, -0.31579354405403137, -0.30451783537864685, -0.2932421565055847, -0.2819664776325226, -0.27069076895713806, -0.2594150900840759, -0.2481393963098526, -0.23686370253562927, -0.22558800876140594, -0.21431231498718262, -0.2030366212129593, -0.19176094233989716, -0.18048524856567383, -0.1692095547914505, -0.15793386101722717, -0.14665816724300385, -0.1353824883699417, -0.12410679459571838, -0.11283110082149506, -0.10155540704727173, -0.090279720723629, -0.07900402694940567, -0.06772833317518234, -0.05645264685153961, -0.045176953077316284, -0.033901263028383255, -0.022625572979450226, -0.011349881067872047, -7.419008761644363e-05, 0.01120150089263916, 0.02247719094157219, 0.03375288099050522, 0.045028574764728546, 0.056304264813661575, 0.0675799548625946, 0.07885564863681793, 0.09013133496046066, 0.10140702873468399, 0.11268272250890732, 0.12395840883255005, 0.13523410260677338, 0.1465097963809967, 0.15778549015522003, 0.16906116902828217, 0.1803368628025055, 0.19161255657672882, 0.20288825035095215, 0.21416394412517548, 0.2254396229982376, 0.23671531677246094, 0.24799101054668427, 0.2592667043209076, 0.2705423831939697, 0.28181809186935425, 0.2930937707424164, 0.3043694794178009, 0.31564515829086304, 0.32692083716392517, 0.3381965458393097, 0.3494722247123718, 0.36074793338775635, 0.3720236122608185]}, "parameters/graph_1conv.bias": {"_type": "histogram", "values": [2.0, 0.0, 2.0, 0.0, 0.0, 1.0, 0.0, 0.0, 0.0, 0.0, 0.0, 1.0, 0.0, 1.0, 0.0, 0.0, 0.0, 0.0, 0.0, 0.0, 0.0, 0.0, 2.0, 1.0, 0.0, 0.0, 1.0, 1.0, 0.0, 1.0, 3.0, 1.0, 0.0, 0.0, 0.0, 0.0, 2.0, 0.0, 0.0, 0.0, 0.0, 0.0, 0.0, 0.0, 0.0, 2.0, 0.0, 1.0, 0.0, 1.0, 0.0, 1.0, 0.0, 0.0, 0.0, 0.0, 1.0, 0.0, 2.0, 1.0, 2.0, 1.0, 0.0, 1.0], "bins": [-0.31775930523872375, -0.3075278699398041, -0.297296404838562, -0.28706496953964233, -0.27683350443840027, -0.2666020691394806, -0.2563706338405609, -0.24613916873931885, -0.23590773344039917, -0.2256762832403183, -0.21544483304023743, -0.20521338284015656, -0.19498193264007568, -0.1847504824399948, -0.17451904714107513, -0.16428759694099426, -0.1540561467409134, -0.14382469654083252, -0.13359324634075165, -0.12336180359125137, -0.1131303608417511, -0.10289891064167023, -0.09266746044158936, -0.08243601769208908, -0.07220456749200821, -0.061973121017217636, -0.05174167454242706, -0.04151022434234619, -0.03127877786755562, -0.021047331392765045, -0.010815883055329323, -0.0005844356492161751, 0.009647011756896973, 0.019878458231687546, 0.030109906569123268, 0.04034135490655899, 0.050572801381349564, 0.06080424785614014, 0.07103569805622101, 0.08126714080572128, 0.09149859100580215, 0.10173004120588303, 0.1119614839553833, 0.12219293415546417, 0.13242438435554504, 0.14265583455562592, 0.1528872698545456, 0.16311872005462646, 0.17335017025470734, 0.1835816204547882, 0.19381307065486908, 0.20404450595378876, 0.21427595615386963, 0.2245074063539505, 0.23473885655403137, 0.24497030675411224, 0.2552017569541931, 0.2654331922531128, 0.27566465735435486, 0.28589609265327454, 0.2961275279521942, 0.3063589930534363, 0.31659042835235596, 0.326821893453598, 0.3370533287525177]}, "parameters/graph_1fc.weight": {"_type": "histogram", "values": [1.0, 0.0, 3.0, 3.0, 4.0, 14.0, 9.0, 15.0, 28.0, 35.0, 28.0, 32.0, 55.0, 71.0, 98.0, 130.0, 170.0, 224.0, 346.0, 437.0, 730.0, 1228.0, 2037.0, 3567.0, 6876.0, 19027.0, 43006.0, 48623.0, 48262.0, 42770.0, 18144.0, 6863.0, 3408.0, 1839.0, 962.0, 551.0, 326.0, 247.0, 176.0, 138.0, 91.0, 67.0, 56.0, 41.0, 34.0, 17.0, 14.0, 20.0, 13.0, 10.0, 7.0, 7.0, 5.0, 3.0, 0.0, 1.0, 0.0, 3.0, 3.0, 1.0, 0.0, 0.0, 2.0, 2.0], "bins": [-0.08104927837848663, -0.07815326005220413, -0.07525724917650223, -0.07236123085021973, -0.06946521252393723, -0.06656920164823532, -0.06367318332195282, -0.06077716872096062, -0.057881154119968414, -0.05498513579368591, -0.05208912119269371, -0.04919310659170151, -0.046297088265419006, -0.043401073664426804, -0.0405050590634346, -0.0376090407371521, -0.0347130261361599, -0.031817011535167694, -0.028920995071530342, -0.02602497860789299, -0.023128964006900787, -0.020232947543263435, -0.017336931079626083, -0.014440915547311306, -0.011544900014996529, -0.008648884482681751, -0.005752868484705687, -0.0028568527195602655, 3.916304558515549e-05, 0.0029351788107305765, 0.0058311945758759975, 0.008727210573852062, 0.01162322610616684, 0.014519241638481617, 0.017415257170796394, 0.020311273634433746, 0.02320728823542595, 0.0261033046990633, 0.028999321162700653, 0.031895335763692856, 0.03479135036468506, 0.03768736869096756, 0.04058338329195976, 0.043479397892951965, 0.04637541621923447, 0.04927143082022667, 0.05216744542121887, 0.05506346374750137, 0.057959478348493576, 0.06085549294948578, 0.06375151127576828, 0.06664752215147018, 0.06954354047775269, 0.07243955880403519, 0.07533556967973709, 0.07823158800601959, 0.0811276063323021, 0.084023617208004, 0.0869196355342865, 0.089815653860569, 0.0927116647362709, 0.0956076830625534, 0.09850370138883591, 0.10139971226453781, 0.10429573059082031]}, "parameters/graph_1fc.bias": {"_type": "histogram", "values": [1.0, 0.0, 0.0, 0.0, 0.0, 0.0, 0.0, 0.0, 0.0, 0.0, 1.0, 1.0, 0.0, 1.0, 0.0, 0.0, 0.0, 0.0, 0.0, 0.0, 0.0, 0.0, 0.0, 0.0, 0.0, 0.0, 0.0, 0.0, 0.0, 0.0, 0.0, 0.0, 0.0, 0.0, 0.0, 0.0, 0.0, 0.0, 0.0, 0.0, 0.0, 0.0, 0.0, 0.0, 0.0, 1.0, 0.0, 1.0, 0.0, 0.0, 1.0, 0.0, 0.0, 0.0, 0.0, 1.0, 0.0, 0.0, 1.0, 0.0, 0.0, 0.0, 0.0, 1.0], "bins": [-0.005251682363450527, -0.005093954969197512, -0.004936227109283209, -0.004778499715030193, -0.0046207718551158905, -0.004463044460862875, -0.004305316600948572, -0.004147589206695557, -0.003989861346781254, -0.0038321339525282383, -0.003674406325444579, -0.00351667869836092, -0.0033589513041079044, -0.0032012236770242453, -0.003043496049940586, -0.002885768422856927, -0.0027280407957732677, -0.0025703131686896086, -0.0024125855416059494, -0.0022548579145222902, -0.002097130287438631, -0.0019394027767702937, -0.0017816752661019564, -0.0016239476390182972, -0.001466220011934638, -0.0013084923848509789, -0.0011507647577673197, -0.0009930372470989823, -0.0008353096200153232, -0.000677581992931664, -0.0005198544240556657, -0.000362126826075837, -0.000204398762434721, -4.667116445489228e-05, 0.00011105643352493644, 0.00026878403150476515, 0.00042651162948459387, 0.000584239256568253, 0.0007419668254442513, 0.0008996943943202496, 0.0010574220214039087, 0.001215149648487568, 0.001372877275571227, 0.0015306047862395644, 0.0016883324133232236, 0.0018460600404068828, 0.00200378755107522, 0.0021615151781588793, 0.0023192428052425385, 0.0024769704323261976, 0.002634698059409857, 0.002792425686493516, 0.002950153313577175, 0.0031078807078301907, 0.00326560833491385, 0.003423335961997509, 0.003581063589081168, 0.0037387912161648273, 0.0038965188432484865, 0.004054246470332146, 0.004211973864585161, 0.004369701724499464, 0.0045274291187524796, 0.004685156978666782, 0.004842884372919798]}, "_wandb": {"runtime": 560}}