{"Discriminator Loss": 0.33026357740163803, "Generator Loss": 4.689422260622804, "Training Accuracy": 90.52166666666666, "Test Accuracy": 91.11, "Action Heatmap": {"_type": "images/separated", "width": 28, "height": 28, "format": "png", "count": 1, "filenames": ["media/images/Action Heatmap_4_6aeef947ae44fed3eb27.png"], "captions": ["Action Heatmap"]}, "_timestamp": 1696334118.6284635, "_runtime": 115.39430356025696, "_step": 4, "_wandb": {"runtime": 134}}