{"Epoch": 42, "Discriminator Loss": 0.25576024129986763, "Generator Loss": 0.444943930208683, "Training Accuracy": 92.74833333333333, "Test Accuracy": 92.19, "_timestamp": 1696329229.2954397, "_runtime": 499.115172624588, "_step": 42, "parameters/graph_3conv.weight": {"_type": "histogram", "values": [1.0, 3.0, 3.0, 3.0, 3.0, 4.0, 3.0, 6.0, 5.0, 7.0, 9.0, 2.0, 6.0, 4.0, 4.0, 6.0, 1.0, 3.0, 9.0, 4.0, 4.0, 7.0, 6.0, 7.0, 9.0, 12.0, 3.0, 3.0, 5.0, 6.0, 4.0, 8.0, 3.0, 4.0, 4.0, 2.0, 5.0, 4.0, 2.0, 0.0, 3.0, 3.0, 5.0, 4.0, 4.0, 7.0, 5.0, 7.0, 6.0, 8.0, 5.0, 5.0, 10.0, 5.0, 4.0, 6.0, 3.0, 1.0, 3.0, 4.0, 2.0, 1.0, 1.0, 2.0], "bins": [-0.36403506994247437, -0.3528323769569397, -0.34162965416908264, -0.3304269313812256, -0.3192242383956909, -0.30802154541015625, -0.2968188226222992, -0.28561609983444214, -0.27441340684890747, -0.2632107138633728, -0.25200799107551575, -0.24080528318881989, -0.22960257530212402, -0.21839986741542816, -0.2071971595287323, -0.19599445164203644, -0.18479174375534058, -0.17358903586864471, -0.16238632798194885, -0.151183620095253, -0.13998091220855713, -0.12877820432186127, -0.1175754964351654, -0.10637278854846954, -0.09517008066177368, -0.08396737277507782, -0.07276466488838196, -0.061561957001686096, -0.050359249114990234, -0.03915654122829437, -0.02795383334159851, -0.01675112545490265, -0.005548447370529175, 0.005654260516166687, 0.01685696840286255, 0.02805967628955841, 0.03926238417625427, 0.050465092062950134, 0.061667799949645996, 0.07287050783634186, 0.08407321572303772, 0.09527592360973358, 0.10647863149642944, 0.1176813393831253, 0.12888404726982117, 0.14008675515651703, 0.1512894630432129, 0.16249217092990875, 0.17369487881660461, 0.18489758670330048, 0.19610029458999634, 0.2073030024766922, 0.21850571036338806, 0.22970841825008392, 0.24091112613677979, 0.25211381912231445, 0.2633165419101715, 0.27451926469802856, 0.28572195768356323, 0.2969246506690979, 0.30812737345695496, 0.319330096244812, 0.3305327892303467, 0.34173548221588135, 0.3529382050037384]}, "parameters/graph_3conv.bias": {"_type": "histogram", "values": [1.0, 0.0, 0.0, 0.0, 0.0, 1.0, 0.0, 1.0, 0.0, 0.0, 0.0, 0.0, 1.0, 0.0, 2.0, 0.0, 1.0, 0.0, 1.0, 2.0, 0.0, 0.0, 0.0, 0.0, 2.0, 2.0, 0.0, 0.0, 0.0, 0.0, 1.0, 0.0, 0.0, 0.0, 0.0, 1.0, 0.0, 1.0, 0.0, 0.0, 0.0, 0.0, 1.0, 3.0, 1.0, 1.0, 2.0, 1.0, 0.0, 3.0, 0.0, 0.0, 0.0, 0.0, 0.0, 2.0, 0.0, 0.0, 0.0, 0.0, 0.0, 0.0, 0.0, 1.0], "bins": [-0.31436964869499207, -0.3039596974849701, -0.2935497462749481, -0.28313979506492615, -0.2727298438549042, -0.2623198926448822, -0.2519099712371826, -0.24150000512599945, -0.23109006881713867, -0.2206801176071167, -0.21027016639709473, -0.19986021518707275, -0.18945026397705078, -0.1790403127670288, -0.16863037645816803, -0.15822042524814606, -0.14781047403812408, -0.1374005228281021, -0.12699057161808014, -0.11658062785863876, -0.10617068409919739, -0.09576073288917542, -0.08535078167915344, -0.07494083791971207, -0.0645308867096901, -0.05412093922495842, -0.043710991740226746, -0.03330104053020477, -0.0228910930454731, -0.01248114462941885, -0.002071196213364601, 0.008338752202689648, 0.018748700618743896, 0.02915864810347557, 0.039568595588207245, 0.04997854679822922, 0.06038849428296089, 0.07079844176769257, 0.08120839297771454, 0.09161833673715591, 0.10202828794717789, 0.11243823915719986, 0.12284818291664124, 0.1332581341266632, 0.14366808533668518, 0.15407803654670715, 0.16448797285556793, 0.1748979240655899, 0.18530787527561188, 0.19571782648563385, 0.20612777769565582, 0.2165377140045166, 0.22694766521453857, 0.23735761642456055, 0.24776756763458252, 0.2581775188446045, 0.26858747005462646, 0.27899742126464844, 0.2894073724746704, 0.29981729388237, 0.31022724509239197, 0.32063719630241394, 0.3310471475124359, 0.3414570987224579, 0.35186704993247986]}, "parameters/graph_3fc.weight": {"_type": "histogram", "values": [1.0, 0.0, 1.0, 2.0, 0.0, 2.0, 2.0, 4.0, 3.0, 10.0, 8.0, 11.0, 20.0, 20.0, 15.0, 23.0, 53.0, 49.0, 62.0, 99.0, 125.0, 142.0, 249.0, 317.0, 576.0, 939.0, 1677.0, 3148.0, 6391.0, 13567.0, 39267.0, 66219.0, 63972.0, 31522.0, 11159.0, 5106.0, 2493.0, 1255.0, 803.0, 479.0, 284.0, 253.0, 157.0, 103.0, 75.0, 53.0, 41.0, 29.0, 25.0, 14.0, 23.0, 7.0, 3.0, 4.0, 6.0, 2.0, 2.0, 2.0, 2.0, 0.0, 1.0, 0.0, 1.0, 2.0], "bins": [-0.14956268668174744, -0.14486607909202576, -0.14016945660114288, -0.13547283411026, -0.13077622652053833, -0.12607961893081665, -0.12138299643993378, -0.1166863813996315, -0.11198976635932922, -0.10729315131902695, -0.10259653627872467, -0.0978999212384224, -0.09320330619812012, -0.08850669115781784, -0.08381007611751556, -0.07911346107721329, -0.07441684603691101, -0.06972023099660873, -0.06502361595630646, -0.06032700091600418, -0.055630385875701904, -0.05093377083539963, -0.04623715579509735, -0.041540540754795074, -0.0368439257144928, -0.03214731067419052, -0.027450695633888245, -0.022754080593585968, -0.01805746555328369, -0.013360850512981415, -0.008664235472679138, -0.003967620432376862, 0.0007289797067642212, 0.005425594747066498, 0.010122209787368774, 0.014818824827671051, 0.019515439867973328, 0.024212054908275604, 0.02890866994857788, 0.03360528498888016, 0.038301900029182434, 0.04299851506948471, 0.04769513010978699, 0.052391745150089264, 0.05708836019039154, 0.06178497523069382, 0.0664815902709961, 0.07117820531129837, 0.07587482035160065, 0.08057143539190292, 0.0852680504322052, 0.08996466547250748, 0.09466128051280975, 0.09935789555311203, 0.1040545105934143, 0.10875112563371658, 0.11344774067401886, 0.11814435571432114, 0.12284097075462341, 0.1275375783443451, 0.13223420083522797, 0.13693082332611084, 0.14162743091583252, 0.1463240385055542, 0.15102066099643707]}, "parameters/graph_3fc.bias": {"_type": "histogram", "values": [2.0, 1.0, 0.0, 0.0, 0.0, 0.0, 0.0, 0.0, 0.0, 0.0, 0.0, 0.0, 0.0, 0.0, 0.0, 0.0, 0.0, 0.0, 0.0, 0.0, 0.0, 0.0, 0.0, 0.0, 0.0, 1.0, 0.0, 1.0, 0.0, 1.0, 0.0, 0.0, 0.0, 0.0, 0.0, 0.0, 0.0, 0.0, 1.0, 0.0, 0.0, 0.0, 0.0, 0.0, 0.0, 0.0, 0.0, 0.0, 1.0, 0.0, 0.0, 0.0, 0.0, 0.0, 0.0, 0.0, 0.0, 0.0, 0.0, 0.0, 1.0, 0.0, 0.0, 1.0], "bins": [-0.00521893659606576, -0.005007586441934109, -0.004796236287802458, -0.004584886133670807, -0.004373535513877869, -0.004162185359746218, -0.003950835205614567, -0.003739485051482916, -0.003528134897351265, -0.003316784743219614, -0.003105434589087963, -0.0028940842021256685, -0.0026827340479940176, -0.0024713838938623667, -0.002260033506900072, -0.002048683352768421, -0.0018373331986367702, -0.0016259830445051193, -0.0014146327739581466, -0.0012032825034111738, -0.000991932349279523, -0.0007805821369402111, -0.0005692319246008992, -0.0003578817122615874, -0.00014653149992227554, 6.48187124170363e-05, 0.00027616892475634813, 0.00048751913709565997, 0.0006988693494349718, 0.0009102195617742836, 0.0011215697741135955, 0.0013329200446605682, 0.0015442697331309319, 0.0017556198872625828, 0.0019669700413942337, 0.0021783204283565283, 0.002389670582488179, 0.00260102073661983, 0.0028123711235821247, 0.0030237212777137756, 0.0032350714318454266, 0.0034464215859770775, 0.0036577717401087284, 0.003869122127071023, 0.0040804725140333176, 0.0042918226681649685, 0.004503172822296619, 0.00471452297642827, 0.004925873130559921, 0.005137223284691572, 0.005348573438823223, 0.005559923592954874, 0.005771273747086525, 0.005982624366879463, 0.006193974521011114, 0.006405324675142765, 0.006616674829274416, 0.006828024983406067, 0.007039375137537718, 0.007250725291669369, 0.007462075911462307, 0.007673426065593958, 0.007884776219725609, 0.008096125908195972, 0.00830747652798891]}, "_wandb": {"runtime": 498}}