{"Discriminator Loss": 0.26029867976903914, "Generator Loss": 3.2216046731705617, "Training Accuracy": 92.74333333333334, "Test Accuracy": 92.33, "Action Heatmap": {"_type": "images/separated", "width": 28, "height": 28, "format": "png", "count": 1, "filenames": ["media/images/Action Heatmap_49_46a6b6fea6e0677edb75.png"], "captions": ["Action Heatmap"]}, "Brightness Histogram": {"_type": "images/separated", "width": 1000, "height": 500, "format": "png", "count": 1, "filenames": ["media/images/Brightness Histogram_49_9fddb3e759a70a1ecfd7.png"], "captions": ["Brightness Histogram"]}, "_timestamp": 1696338680.7511394, "_runtime": 1064.3728034496307, "_step": 49, "parameters/graph_3conv.weight": {"_type": "histogram", "values": [6.0, 7.0, 6.0, 6.0, 3.0, 3.0, 6.0, 9.0, 5.0, 3.0, 3.0, 2.0, 3.0, 3.0, 1.0, 5.0, 6.0, 0.0, 4.0, 7.0, 6.0, 1.0, 5.0, 6.0, 9.0, 6.0, 2.0, 5.0, 8.0, 0.0, 5.0, 5.0, 3.0, 7.0, 2.0, 6.0, 2.0, 3.0, 7.0, 1.0, 4.0, 7.0, 7.0, 5.0, 7.0, 4.0, 5.0, 4.0, 5.0, 3.0, 7.0, 4.0, 3.0, 3.0, 5.0, 7.0, 7.0, 6.0, 4.0, 4.0, 5.0, 1.0, 2.0, 2.0], "bins": [-0.35527321696281433, -0.34404268860816956, -0.33281219005584717, -0.3215816617012024, -0.31035116314888, -0.29912063479423523, -0.28789010643959045, -0.27665960788726807, -0.2654290795326233, -0.2541985809803009, -0.24296805262565613, -0.23173753917217255, -0.22050702571868896, -0.20927651226520538, -0.1980459839105606, -0.18681547045707703, -0.17558495700359344, -0.16435444355010986, -0.15312393009662628, -0.1418934017419815, -0.13066288828849792, -0.11943237483501434, -0.10820186138153076, -0.09697134047746658, -0.085740827023983, -0.07451031357049942, -0.06327979266643524, -0.05204927921295166, -0.04081876203417778, -0.0295882448554039, -0.01835772953927517, -0.007127213291823864, 0.004103302955627441, 0.015333819203078747, 0.026564335450530052, 0.03779485076665878, 0.04902536794543266, 0.06025588512420654, 0.07148639857769012, 0.0827169194817543, 0.09394743293523788, 0.10517794638872147, 0.11640846729278564, 0.12763898074626923, 0.1388694941997528, 0.1501000076532364, 0.16133053600788116, 0.17256104946136475, 0.18379156291484833, 0.1950220763683319, 0.2062525898218155, 0.21748311817646027, 0.22871363162994385, 0.23994414508342743, 0.251174658536911, 0.2624051868915558, 0.2736356854438782, 0.28486621379852295, 0.29609671235084534, 0.3073272407054901, 0.3185577690601349, 0.3297882676124573, 0.34101879596710205, 0.35224929451942444, 0.3634798228740692]}, "parameters/graph_3conv.bias": {"_type": "histogram", "values": [1.0, 1.0, 1.0, 0.0, 0.0, 2.0, 1.0, 0.0, 1.0, 1.0, 3.0, 0.0, 1.0, 0.0, 0.0, 1.0, 0.0, 0.0, 0.0, 0.0, 0.0, 0.0, 0.0, 0.0, 0.0, 3.0, 0.0, 0.0, 1.0, 0.0, 0.0, 0.0, 0.0, 0.0, 0.0, 1.0, 0.0, 0.0, 0.0, 0.0, 0.0, 0.0, 0.0, 0.0, 2.0, 0.0, 0.0, 0.0, 1.0, 0.0, 2.0, 1.0, 1.0, 1.0, 0.0, 0.0, 1.0, 0.0, 1.0, 1.0, 0.0, 0.0, 0.0, 3.0], "bins": [-0.3046780824661255, -0.29548120498657227, -0.28628429770469666, -0.27708742022514343, -0.2678905427455902, -0.258693665266037, -0.24949677288532257, -0.24029988050460815, -0.23110300302505493, -0.22190611064434052, -0.2127092182636261, -0.20351234078407288, -0.19431544840335846, -0.18511857092380524, -0.17592167854309082, -0.1667248010635376, -0.15752790868282318, -0.14833101630210876, -0.13913413882255554, -0.12993724644184113, -0.1207403689622879, -0.11154347658157349, -0.10234659165143967, -0.09314970672130585, -0.08395282179117203, -0.07475593686103821, -0.06555905193090439, -0.05636216327548027, -0.04716527834534645, -0.03796839341521263, -0.028771506622433662, -0.019574619829654694, -0.010377734899520874, -0.0011808490380644798, 0.008016036823391914, 0.017212923616170883, 0.026409808546304703, 0.03560669347643852, 0.04480358213186264, 0.05400046706199646, 0.06319735199213028, 0.0723942369222641, 0.08159112185239792, 0.09078800678253174, 0.09998489916324615, 0.10918178409337997, 0.1183786690235138, 0.12757554650306702, 0.13677243888378143, 0.14596933126449585, 0.15516620874404907, 0.1643631011247635, 0.1735599786043167, 0.18275687098503113, 0.19195374846458435, 0.20115064084529877, 0.21034753322601318, 0.2195444107055664, 0.22874130308628082, 0.23793818056583405, 0.24713507294654846, 0.2563319504261017, 0.2655288279056549, 0.2747257351875305, 0.28392261266708374]}, "parameters/graph_3fc.weight": {"_type": "histogram", "values": [1.0, 1.0, 3.0, 3.0, 0.0, 2.0, 1.0, 2.0, 5.0, 9.0, 10.0, 18.0, 18.0, 23.0, 44.0, 42.0, 59.0, 71.0, 117.0, 152.0, 217.0, 297.0, 440.0, 712.0, 1201.0, 1898.0, 3088.0, 4878.0, 7990.0, 16587.0, 24752.0, 27406.0, 29216.0, 29203.0, 28654.0, 26517.0, 20612.0, 10589.0, 5889.0, 3693.0, 2332.0, 1363.0, 886.0, 576.0, 379.0, 224.0, 190.0, 131.0, 116.0, 56.0, 57.0, 43.0, 32.0, 18.0, 9.0, 7.0, 9.0, 9.0, 10.0, 5.0, 3.0, 1.0, 3.0, 1.0], "bins": [-0.05678090453147888, -0.05507078394293785, -0.05336066707968712, -0.05165054649114609, -0.049940429627895355, -0.048230309039354324, -0.04652019217610359, -0.04481007158756256, -0.04309995472431183, -0.0413898341357708, -0.039679717272520065, -0.037969596683979034, -0.0362594798207283, -0.03454935923218727, -0.03283924236893654, -0.031129121780395508, -0.029419003054499626, -0.027708884328603745, -0.025998765602707863, -0.02428864687681198, -0.0225785281509161, -0.020868409425020218, -0.019158290699124336, -0.017448171973228455, -0.015738051384687424, -0.014027933590114117, -0.012317814864218235, -0.010607696138322353, -0.008897576481103897, -0.007187458220869303, -0.005477339029312134, -0.003767220303416252, -0.0020571015775203705, -0.000346982735209167, 0.0013631361071020365, 0.0030732550658285618, 0.0047833737917244434, 0.006493492517620325, 0.008203611709177494, 0.009913730435073376, 0.011623849160969257, 0.013333967886865139, 0.01504408661276102, 0.016754206269979477, 0.01846432499587536, 0.02017444372177124, 0.021884562447667122, 0.023594681173563004, 0.025304799899458885, 0.027014918625354767, 0.02872503735125065, 0.03043515607714653, 0.03214527666568756, 0.03385539352893829, 0.035565514117479324, 0.03727563098073006, 0.03898575156927109, 0.04069586843252182, 0.04240598902106285, 0.04411610588431358, 0.045826226472854614, 0.04753634333610535, 0.04924646392464638, 0.05095658078789711, 0.05266670137643814]}, "parameters/graph_3fc.bias": {"_type": "histogram", "values": [1.0, 0.0, 0.0, 0.0, 0.0, 0.0, 0.0, 0.0, 0.0, 0.0, 0.0, 0.0, 0.0, 0.0, 0.0, 2.0, 0.0, 0.0, 0.0, 0.0, 0.0, 0.0, 0.0, 0.0, 0.0, 0.0, 0.0, 0.0, 0.0, 0.0, 0.0, 0.0, 0.0, 0.0, 0.0, 0.0, 1.0, 1.0, 0.0, 0.0, 0.0, 0.0, 1.0, 0.0, 0.0, 0.0, 0.0, 1.0, 0.0, 0.0, 0.0, 0.0, 0.0, 0.0, 0.0, 0.0, 1.0, 0.0, 1.0, 0.0, 0.0, 0.0, 0.0, 1.0],