{"Discriminator Loss": 0.39131462275981904, "Generator Loss": 2.6011786823810548, "Training Accuracy": 89.29833333333333, "Test Accuracy": 90.07, "Action Heatmap": {"_type": "images/separated", "width": 28, "height": 28, "format": "png", "count": 1, "filenames": ["media/images/Action Heatmap_9_e4ad0e44249bd1f87f95.png"], "captions": ["Action Heatmap"]}, "Brightness Histogram": [{"_type": "histogram", "values": [254, 0, 0, 0, 0, 0, 0, 0, 0, 0, 0, 0, 0, 0, 0, 0, 0, 0, 0, 0, 0, 0, 0, 0, 0, 0, 0, 0, 0, 0, 0, 0, 0, 0, 0, 0, 0, 0, 0, 0, 0, 0, 0, 0, 0, 0, 0, 0, 0, 0, 0, 0, 0, 0, 0, 0, 0, 0, 0, 0, 0, 0, 0, 1, 0, 0, 0, 0, 0, 0, 0, 0, 0, 0, 0, 0, 0, 0, 0, 0, 0, 0, 0, 0, 0, 0, 0, 0, 0, 0, 0, 0, 0, 0, 0, 0, 0, 0, 0, 0, 0, 0, 0, 0, 0, 0, 0, 0, 0, 0, 0, 0, 0, 0, 0, 0, 0, 0, 0, 0, 0, 0, 0, 0, 0, 0, 0, 0, 0, 0, 0, 0, 0, 0, 0, 0, 0, 0, 0, 0, 0, 0, 0, 0, 0, 0, 0, 0, 0, 0, 0, 0, 0, 0, 0, 0, 0, 0, 0, 0, 0, 0, 0, 0, 0, 0, 0, 0, 0, 0, 0, 0, 0, 0, 0, 0, 0, 0, 0, 0, 0, 0, 0, 0, 0, 0, 0, 0, 0, 0, 0, 0, 0, 0, 0, 0, 0, 0, 0, 0, 0, 0, 0, 0, 0, 0, 0, 0, 0, 0, 0, 0, 0, 0, 0, 0, 0, 0, 0, 0, 0, 0, 0, 0, 0, 0, 0, 0, 0, 0, 0, 0, 0, 0, 0, 0, 0, 0, 0, 0, 0, 0, 0, 0, 0, 0, 0, 0, 0, 0, 0, 0, 0, 0, 0, 1], "bins": [0.0, 187.5, 375.0, 562.5, 750.0, 937.5, 1125.0, 1312.5, 1500.0, 1687.5, 1875.0, 2062.5, 2250.0, 2437.5, 2625.0, 2812.5, 3000.0, 3187.5, 3375.0, 3562.5, 3750.0, 3937.5, 4125.0, 4312.5, 4500.0, 4687.5, 4875.0, 5062.5, 5250.0, 5437.5, 5625.0, 5812.5, 6000.0, 6187.5, 6375.0, 6562.5, 6750.0, 6937.5, 7125.0, 7312.5, 7500.0, 7687.5, 7875.0, 8062.5, 8250.0, 8437.5, 8625.0, 8812.5, 9000.0, 9187.5, 9375.0, 9562.5, 9750.0, 9937.5, 10125.0, 10312.5, 10500.0, 10687.5, 10875.0, 11062.5, 11250.0, 11437.5, 11625.0, 11812.5, 12000.0, 12187.5, 12375.0, 12562.5, 12750.0, 12937.5, 13125.0, 13312.5, 13500.0, 13687.5, 13875.0, 14062.5, 14250.0, 14437.5, 14625.0, 14812.5, 15000.0, 15187.5, 15375.0, 15562.5, 15750.0, 15937.5, 16125.0, 16312.5, 16500.0, 16687.5, 16875.0, 17062.5, 17250.0, 17437.5, 17625.0, 17812.5, 18000.0, 18187.5, 18375.0, 18562.5, 18750.0, 18937.5, 19125.0, 19312.5, 19500.0, 19687.5, 19875.0, 20062.5, 20250.0, 20437.5, 20625.0, 20812.5, 21000.0, 21187.5, 21375.0, 21562.5, 21750.0, 21937.5, 22125.0, 22312.5, 22500.0, 22687.5, 22875.0, 23062.5, 23250.0, 23437.5, 23625.0, 23812.5, 24000.0, 24187.5, 24375.0, 24562.5, 24750.0, 24937.5, 25125.0, 25312.5, 25500.0, 25687.5, 25875.0, 26062.5, 26250.0, 26437.5, 26625.0, 26812.5, 27000.0, 27187.5, 27375.0, 27562.5, 27750.0, 27937.5, 28125.0, 28312.5, 28500.0, 28687.5, 28875.0, 29062.5, 29250.0, 29437.5, 29625.0, 29812.5, 30000.0, 30187.5, 30375.0, 30562.5, 30750.0, 30937.5, 31125.0, 31312.5, 31500.0, 31687.5, 31875.0, 32062.5, 32250.0, 32437.5, 32625.0, 32812.5, 33000.0, 33187.5, 33375.0, 33562.5, 33750.0, 33937.5, 34125.0, 34312.5, 34500.0, 34687.5, 34875.0, 35062.5, 35250.0, 35437.5, 35625.0, 35812.5, 36000.0, 36187.5, 36375.0, 36562.5, 36750.0, 36937.5, 37125.0, 37312.5, 37500.0, 37687.5, 37875.0, 38062.5, 38250.0, 38437.5, 38625.0, 38812.5, 39000.0, 39187.5, 39375.0, 39562.5, 39750.0, 39937.5, 40125.0, 40312.5, 40500.0, 40687.5, 40875.0, 41062.5, 41250.0, 41437.5, 41625.0, 41812.5, 42000.0, 42187.5, 42375.0, 42562.5, 42750.0, 42937.5, 43125.0, 43312.5, 43500.0, 43687.5, 43875.0, 44062.5, 44250.0, 44437.5, 44625.0, 44812.5, 45000.0, 45187.5, 45375.0, 45562.5, 45750.0, 45937.5, 46125.0, 46312.5, 46500.0, 46687.5, 46875.0, 47062.5, 47250.0, 47437.5, 47625.0, 47812.5, 48000.0]}], "_timestamp": 1696336522.8839705, "_runtime": 226.57323360443115, "_step": 9, "_wandb": {"runtime": 243}}