{"Epoch": 30, "Discriminator Loss": 0.2631792962551117, "Generator Loss": 2.5256607660783144, "Training Accuracy": 92.655, "Test Accuracy": 92.34, "_timestamp": 1696333650.700257, "_runtime": 593.9230160713196, "_step": 30, "parameters/graph_1conv.weight": {"_type": "histogram", "values": [5.0, 2.0, 1.0, 6.0, 4.0, 6.0, 5.0, 4.0, 5.0, 9.0, 5.0, 1.0, 8.0, 3.0, 4.0, 2.0, 5.0, 7.0, 8.0, 4.0, 2.0, 2.0, 4.0, 4.0, 3.0, 1.0, 5.0, 1.0, 4.0, 9.0, 4.0, 3.0, 3.0, 5.0, 0.0, 1.0, 3.0, 6.0, 2.0, 6.0, 8.0, 4.0, 5.0, 3.0, 6.0, 2.0, 4.0, 8.0, 3.0, 3.0, 8.0, 4.0, 6.0, 5.0, 4.0, 10.0, 3.0, 6.0, 6.0, 6.0, 7.0, 2.0, 7.0, 6.0], "bins": [-0.3466721475124359, -0.3358137607574463, -0.32495540380477905, -0.31409701704978943, -0.3032386600971222, -0.29238027334213257, -0.28152191638946533, -0.2706635296344757, -0.2598051428794861, -0.24894678592681885, -0.23808841407299042, -0.227230042219162, -0.21637165546417236, -0.20551328361034393, -0.1946549117565155, -0.18379653990268707, -0.17293816804885864, -0.1620797961950302, -0.15122142434120178, -0.14036305248737335, -0.12950468063354492, -0.1186463013291359, -0.10778792202472687, -0.09692955017089844, -0.08607117831707001, -0.07521280646324158, -0.06435443460941315, -0.05349605530500412, -0.04263768345117569, -0.03177931159734726, -0.02092093601822853, -0.010062562301754951, 0.0007958114147186279, 0.011654185131192207, 0.022512558847665787, 0.033370934426784515, 0.044229306280612946, 0.055087678134441376, 0.0659460574388504, 0.07680442929267883, 0.08766280114650726, 0.0985211730003357, 0.10937954485416412, 0.12023792415857315, 0.13109630346298218, 0.1419546753168106, 0.15281304717063904, 0.16367141902446747, 0.1745297908782959, 0.18538816273212433, 0.19624653458595276, 0.2071049064397812, 0.21796327829360962, 0.22882166504859924, 0.23968003690242767, 0.2505384087562561, 0.26139676570892334, 0.27225515246391296, 0.2831135392189026, 0.2939718961715698, 0.30483028292655945, 0.3156886398792267, 0.3265470266342163, 0.33740538358688354, 0.34826377034187317]}, "parameters/graph_1conv.bias": {"_type": "histogram", "values": [1.0, 0.0, 0.0, 0.0, 1.0, 2.0, 0.0, 1.0, 0.0, 0.0, 0.0, 1.0, 1.0, 0.0, 0.0, 2.0, 1.0, 0.0, 0.0, 0.0, 0.0, 0.0, 0.0, 1.0, 0.0, 0.0, 0.0, 0.0, 0.0, 0.0, 0.0, 0.0, 0.0, 1.0, 1.0, 0.0, 1.0, 0.0, 1.0, 0.0, 0.0, 1.0, 0.0, 1.0, 1.0, 0.0, 1.0, 0.0, 2.0, 1.0, 0.0, 1.0, 0.0, 2.0, 1.0, 1.0, 0.0, 0.0, 1.0, 0.0, 1.0, 1.0, 0.0, 2.0], "bins": [-0.29111501574516296, -0.2814640998840332, -0.27181318402290344, -0.2621622681617737, -0.2525113523006439, -0.24286043643951416, -0.2332095205783844, -0.22355860471725464, -0.21390768885612488, -0.2042567878961563, -0.19460587203502655, -0.1849549561738968, -0.17530404031276703, -0.16565312445163727, -0.1560022085905075, -0.14635129272937775, -0.13670037686824799, -0.12704946100711823, -0.11739854514598846, -0.1077476292848587, -0.09809671342372894, -0.08844580501317978, -0.07879488915205002, -0.06914397329092026, -0.0594930574297905, -0.049842141568660736, -0.040191225707530975, -0.030540313571691513, -0.020889397710561752, -0.011238482780754566, -0.00158756785094738, 0.008063347078859806, 0.017714262008666992, 0.027365177869796753, 0.037016093730926514, 0.046667005866765976, 0.05631792172789574, 0.0659688338637352, 0.07561974972486496, 0.08527066558599472, 0.09492158144712448, 0.10457249730825424, 0.114223413169384, 0.12387432903051376, 0.13352523744106293, 0.1431761533021927, 0.15282706916332245, 0.1624779850244522, 0.17212890088558197, 0.18177981674671173, 0.1914307326078415, 0.20108164846897125, 0.210732564330101, 0.22038348019123077, 0.23003439605236053, 0.2396853119134903, 0.24933621287345886, 0.2589871287345886, 0.2686380445957184, 0.27828896045684814, 0.2879398763179779, 0.29759079217910767, 0.3072417080402374, 0.3168926239013672, 0.32654353976249695]}, "parameters/graph_1fc.weight": {"_type": "histogram", "values": [1.0, 0.0, 1.0, 0.0, 0.0, 1.0, 2.0, 2.0, 4.0, 4.0, 4.0, 12.0, 23.0, 23.0, 36.0, 55.0, 72.0, 123.0, 160.0, 224.0, 376.0, 605.0, 1033.0, 1546.0, 2562.0, 4084.0, 6598.0, 14869.0, 25322.0, 28069.0, 30139.0, 30414.0, 29425.0, 27723.0, 22271.0, 10686.0, 5613.0, 3352.0, 2043.0, 1255.0, 773.0, 449.0, 303.0, 191.0, 140.0, 84.0, 67.0, 46.0, 25.0, 23.0, 14.0, 6.0, 9.0, 5.0, 2.0, 5.0, 0.0, 2.0, 2.0, 1.0, 0.0, 0.0, 0.0, 1.0], "bins": [-0.05414864420890808, -0.05241997912526131, -0.050691310316324234, -0.04896264523267746, -0.047233980149030685, -0.04550531134009361, -0.04377664625644684, -0.042047981172800064, -0.04031931608915329, -0.03859064728021622, -0.03686198219656944, -0.03513331711292267, -0.033404648303985596, -0.03167598322033882, -0.029947316274046898, -0.028218651190400124, -0.0264899842441082, -0.024761317297816277, -0.023032652214169502, -0.02130398526787758, -0.019575320184230804, -0.01784665323793888, -0.016117986291646957, -0.014389320276677608, -0.01266065426170826, -0.01093198824673891, -0.009203322231769562, -0.007474655285477638, -0.005745989270508289, -0.00401732325553894, -0.002288656774908304, -0.0005599905271083117, 0.0011686719954013824, 0.002897338243201375, 0.004626004491001368, 0.006354670971632004, 0.008083336986601353, 0.009812003001570702, 0.011540669947862625, 0.013269335962831974, 0.014998001977801323, 0.016726668924093246, 0.01845533400774002, 0.020184000954031944, 0.021912667900323868, 0.023641332983970642, 0.025369999930262566, 0.02709866501390934, 0.028827331960201263, 0.030555998906493187, 0.03228466585278511, 0.034013330936431885, 0.03574199602007866, 0.03747066482901573, 0.039199329912662506, 0.04092799499630928, 0.042656660079956055, 0.04438532888889313, 0.0461139939725399, 0.047842659056186676, 0.04957132786512375, 0.05129999294877052, 0.0530286580324173, 0.05475732684135437, 0.056485991925001144]}, "parameters/graph_1fc.bias": {"_type": "histogram", "values": [1.0, 0.0, 0.0, 0.0, 0.0, 0.0, 1.0, 0.0, 0.0, 0.0, 0.0, 1.0, 0.0, 0.0, 0.0, 0.0, 0.0, 0.0, 0.0, 0.0, 0.0, 1.0, 0.0, 0.0, 0.0, 0.0, 0.0, 0.0, 1.0, 0.0, 0.0, 0.0, 1.0, 0.0, 0.0, 0.0, 0.0, 0.0, 0.0, 0.0, 0.0, 0.0, 0.0, 0.0, 0.0, 0.0, 0.0, 1.0, 0.0, 0.0, 0.0, 0.0, 0.0, 0.0, 0.0, 0.0, 1.0, 1.0, 0.0, 0.0, 0.0, 0.0, 0.0, 1.0], "bins": [-0.005293105263262987, -0.005126952193677425, -0.004960799589753151, -0.0047946469858288765, -0.004628493916243315, -0.004462340846657753, -0.0042961882427334785, -0.004130035638809204, -0.003963882569223642, -0.0037977297324687243, -0.003631576895713806, -0.003465424058958888, -0.00329927122220397, -0.003133118385449052, -0.0029669655486941338, -0.0028008127119392157, -0.0026346598751842976, -0.0024685070384293795, -0.0023023542016744614, -0.0021362013649195433, -0.001970048528164625, -0.001803895691409707, -0.001637742854654789, -0.0014715900178998709, -0.0013054371811449528, -0.0011392843443900347, -0.0009731315076351166, -0.0008069786708801985, -0.0006408258341252804, -0.0004746729973703623, -0.0003085201606154442, -0.00014236732386052608, 2.378597855567932e-05, 0.00018993881531059742, 0.0003560916520655155, 0.0005222444888204336, 0.0006883973255753517, 0.0008545501623302698, 0.001020702999085188, 0.001186855835840106, 0.0013530086725950241, 0.0015191615093499422, 0.0016853143461048603, 0.0018514671828597784, 0.0020176200196146965, 0.0021837728563696146, 0.0023499256931245327, 0.002516078529879451, 0.002682231366634369, 0.002848384203389287, 0.003014537040144205, 0.003180689876899123, 0.0033468427136540413, 0.0035129955504089594, 0.0036791483871638775, 0.0038453012239187956, 0.004011454060673714, 0.004177606664597988, 0.00434375973418355, 0.004509912803769112, 0.004676065407693386, 0.0048422180116176605, 0.005008371081203222, 0.005174524150788784, 0.0053406767547130585]}, "_wandb": {"runtime": 593}}