{"Discriminator Loss": 0.3109849378466606, "Generator Loss": 5.000113146647657, "Training Accuracy": 91.15, "Test Accuracy": 91.56, "Action Map": {"_type": "image-file", "sha256": "4cccdfb6e0e430f52305df396080d4a458b40bce7a531f3120d841920de0b944", "size": 35349, "path": "media/images/Action Map_5_4cccdfb6e0e430f52305.png", "format": "png", "width": 640, "height": 480}, "_timestamp": 1696333894.4321659, "_runtime": 138.25664591789246, "_step": 5, "_wandb": {"runtime": 153}}