{"Discriminator Loss": 0.2524913728237152, "Generator Loss": 4.101014091001358, "Training Accuracy": 93.05833333333334, "Test Accuracy": 92.4, "Action Heatmap": {"_type": "images/separated", "width": 28, "height": 28, "format": "png", "count": 1, "filenames": ["media/images/Action Heatmap_49_46a6b6fea6e0677edb75.png"], "captions": ["Action Heatmap"]}, "Brightness Histogram": {"_type": "images/separated", "width": 1000, "height": 500, "format": "png", "count": 1, "filenames": ["media/images/Brightness Histogram_49_76648a641e01137e32a2.png"], "captions": ["Brightness Histogram"]}, "_timestamp": 1696337608.0843093, "_runtime": 1050.7334332466125, "_step": 49, "parameters/graph_1conv.weight": {"_type": "histogram", "values": [2.0, 0.0, 2.0, 5.0, 4.0, 7.0, 1.0, 8.0, 4.0, 5.0, 8.0, 4.0, 2.0, 5.0, 10.0, 4.0, 6.0, 2.0, 7.0, 3.0, 1.0, 8.0, 3.0, 4.0, 3.0, 2.0, 3.0, 4.0, 5.0, 2.0, 0.0, 5.0, 4.0, 7.0, 4.0, 5.0, 6.0, 6.0, 4.0, 12.0, 7.0, 5.0, 5.0, 9.0, 2.0, 3.0, 3.0, 1.0, 3.0, 4.0, 7.0, 7.0, 8.0, 4.0, 9.0, 2.0, 7.0, 3.0, 3.0, 7.0, 2.0, 6.0, 2.0, 2.0], "bins": [-0.36496245861053467, -0.3537032902240753, -0.34244412183761597, -0.3311849534511566, -0.31992578506469727, -0.3086666166782379, -0.29740744829177856, -0.2861482799053192, -0.27488911151885986, -0.2636299729347229, -0.25237080454826355, -0.241111621260643, -0.22985246777534485, -0.2185932993888855, -0.20733413100242615, -0.1960749626159668, -0.18481579422950745, -0.1735566258430481, -0.16229745745658875, -0.1510382890701294, -0.13977912068367004, -0.1285199671983719, -0.11726079881191254, -0.10600163042545319, -0.09474246203899384, -0.08348329365253448, -0.07222412526607513, -0.06096496433019638, -0.04970579594373703, -0.03844662755727768, -0.027187462896108627, -0.015928296372294426, -0.004669100046157837, 0.0065900664776563644, 0.017849233001470566, 0.029108399525284767, 0.04036756604909897, 0.05162673443555832, 0.06288589537143707, 0.07414506375789642, 0.08540423214435577, 0.09666340053081512, 0.10792256891727448, 0.11918172985315323, 0.13044089078903198, 0.14170005917549133, 0.15295922756195068, 0.16421839594841003, 0.17547756433486938, 0.18673673272132874, 0.19799590110778809, 0.20925506949424744, 0.2205142378807068, 0.23177339136600494, 0.2430325597524643, 0.25429174304008484, 0.2655509114265442, 0.27681005001068115, 0.2880692183971405, 0.29932838678359985, 0.3105875551700592, 0.32184672355651855, 0.3331058919429779, 0.34436506032943726, 0.3556242287158966]}, "parameters/graph_1conv.bias": {"_type": "histogram", "values": [1.0, 0.0, 1.0, 1.0, 0.0, 1.0, 2.0, 0.0, 1.0, 0.0, 1.0, 0.0, 1.0, 0.0, 0.0, 1.0, 0.0, 1.0, 0.0, 0.0, 0.0, 0.0, 1.0, 0.0, 1.0, 0.0, 0.0, 0.0, 0.0, 1.0, 0.0, 1.0, 0.0, 1.0, 1.0, 0.0, 2.0, 0.0, 0.0, 2.0, 0.0, 0.0, 0.0, 0.0, 2.0, 0.0, 1.0, 0.0, 0.0, 0.0, 0.0, 0.0, 0.0, 1.0, 0.0, 1.0, 0.0, 1.0, 0.0, 0.0, 0.0, 2.0, 2.0, 1.0], "bins": [-0.29772570729255676, -0.28813961148262024, -0.2785535156726837, -0.2689674198627472, -0.2593812942504883, -0.24979521334171295, -0.24020910263061523, -0.2306230068206787, -0.2210369110107422, -0.21145081520080566, -0.20186471939086914, -0.19227860867977142, -0.1826925128698349, -0.17310641705989838, -0.16352030634880066, -0.15393421053886414, -0.1443481147289276, -0.1347620189189911, -0.12517592310905457, -0.11558981239795685, -0.10600371658802032, -0.0964176207780838, -0.08683151751756668, -0.07724541425704956, -0.06765931844711304, -0.058073218911886215, -0.04848711937665939, -0.03890101984143257, -0.02931492030620575, -0.019728820770978928, -0.010142721235752106, -0.0005566217005252838, 0.009029507637023926, 0.018615607172250748, 0.02820170670747757, 0.03778780624270439, 0.04737390577793121, 0.056960005313158035, 0.06654610484838486, 0.07613220810890198, 0.0857183039188385, 0.09530439972877502, 0.10489050298929214, 0.11447660624980927, 0.12406270205974579, 0.1336487978696823, 0.14323490858078003, 0.15282100439071655, 0.16240710020065308, 0.1719931960105896, 0.18157929182052612, 0.19116540253162384, 0.20075149834156036, 0.2103375941514969, 0.2199237048625946, 0.22950980067253113, 0.23909589648246765, 0.24868199229240417, 0.2582680881023407, 0.2678541839122772, 0.27744030952453613, 0.28702640533447266, 0.2966125011444092, 0.3061985969543457, 0.3157846927642822]}, "parameters/graph_1fc.weight": {"_type": "histogram", "values": [2.0, 0.0, 1.0, 1.0, 0.0, 3.0, 0.0, 4.0, 6.0, 0.0, 2.0, 9.0, 7.0, 15.0, 14.0, 23.0, 30.0, 32.0, 51.0, 57.0, 90.0, 118.0, 135.0, 215.0, 319.0, 408.0, 625.0, 988.0, 2041.0, 3959.0, 8991.0, 30905.0, 60253.0, 63393.0, 50403.0, 15320.0, 5625.0, 2675.0, 1382.0, 847.0, 528.0, 376.0, 261.0, 193.0, 138.0, 90.0, 89.0, 57.0, 55.0, 43.0, 29.0, 12.0, 21.0, 7.0, 12.0, 3.0, 3.0, 2.0, 6.0, 1.0, 2.0, 1.0, 1.0, 1.0], "bins": [-0.12964734435081482, -0.1257477104663849, -0.12184807658195496, -0.11794844269752502, -0.11404880881309509, -0.11014917492866516, -0.10624954104423523, -0.1023499071598053, -0.09845027327537537, -0.09455063194036484, -0.0906509980559349, -0.08675136417150497, -0.08285173028707504, -0.07895209640264511, -0.07505246251821518, -0.07115282863378525, -0.06725319474935532, -0.06335356086492538, -0.05945392698049545, -0.05555429309606552, -0.05165465921163559, -0.04775502160191536, -0.04385538771748543, -0.039955753833055496, -0.036056119948625565, -0.03215648606419563, -0.0282568521797657, -0.02435721643269062, -0.02045758254826069, -0.016557948663830757, -0.012658313848078251, -0.008758679032325745, -0.004859045147895813, -0.000959410797804594, 0.002940223552286625, 0.006839857902377844, 0.010739492252469063, 0.014639126136898994, 0.018538761883974075, 0.022438395768404007, 0.02633802965283394, 0.03023766353726387, 0.0341372974216938, 0.038036931306123734, 0.041936568915843964, 0.045836202800273895, 0.04973583668470383, 0.05363547056913376, 0.05753510445356369, 0.06143473833799362, 0.06533437222242355, 0.06923400610685349, 0.07313363999128342, 0.07703327387571335, 0.08093290776014328, 0.08483254164457321, 0.08873218297958374, 0.09263181686401367, 0.0965314507484436, 0.10043108463287354, 0.10433071851730347, 0.1082303524017334, 0.11212998628616333, 0.11602962017059326, 0.1199292540550232]}, "parameters/graph_1fc.bias": {"_type": "histogram", "values": [1.0, 0.0, 0.0, 0.0, 0.0, 1.0, 0.0, 0.0, 1.0, 0.0, 0.0, 0.0, 0.0, 0.0, 0.0, 0.0, 0.0, 0.0, 1.0, 0.0, 0.0, 0.0, 0.0, 0.0, 0.0, 0.0, 0.0, 0.0, 0.0, 1.0, 0.0, 0.0, 0.0, 0.0, 0.0, 0.0, 1.0, 0.0, 2.0, 0.0, 0.0, 0.0, 0.0, 0.0, 0.0, 0.0, 0.0, 0.0, 0.0, 0.0, 0.0, 0.0, 0.0, 0.0, 0.0, 0.0, 0.0, 0.0, 0.0, 1.0, 0.0, 0.0, 0.0, 1.0], "bins": [-0.003551091765984893, -0.003383024362847209, -0.003214956959709525, -0.0030468895565718412, -0.0028788219206035137, -0.00271075451746583, -0.002542687114328146, -0.002374619711190462, -0.0022065523080527782, -0.0020384849049150944, -0.0018704175017774105, -0.0017023499822244048, -0.001534282579086721, -0.001366215175949037, -0.0011981476563960314, -0.0010300802532583475, -0.0008620128501206636, -0.0006939454469829798, -0.000525877985637635, -0.00035781055339612067, -0.00018974312115460634, -2.1675688913092017e-05, 0.0001463917433284223, 0.00031445917556993663, 0.00048252660781145096, 0.0006505940109491348, 0.0008186614722944796, 0.0009867289336398244, 0.0011547963367775083, 0.0013228637399151921, 0.0014909312594681978, 0.0016589986626058817, 0.0018270662985742092, 0.001995133701711893, 0.002163201104849577, 0.002331268507987261, 0.0024993359111249447, 0.002667403547093272, 0.002835470950230956, 0.00300353835336864, 0.003171605756506324, 0.0033396731596440077, 0.0035077405627816916, 0.0036758079659193754, 0.003843875601887703, 0.004011943005025387, 0.004180010408163071, 0.0043480778113007545, 0.004516145214438438, 0.004684212617576122, 0.004852280020713806, 0.00502034742385149, 0.005188414826989174, 0.005356482230126858, 0.005524549633264542, 0.0056926170364022255, 0.005860684439539909, 0.0060287523083388805, 0.006196819711476564, 0.006364887114614248, 0.006532954517751932, 0.006701021920889616, 0.0068690893240273, 0.007037156727164984, 0.007205224130302668]},