{"Discriminator Loss": 0.4889493197202682, "Generator Loss": 3.7563448180808146, "Training Accuracy": 87.13166666666666, "Test Accuracy": 88.43, "Action Heatmap": {"_type": "images/separated", "width": 28, "height": 28, "format": "png", "count": 1, "filenames": ["media/images/Action Heatmap_4_5ddde63df3d43cb702c1.png"], "captions": ["Action Heatmap"]}, "Brightness Histogram": [{"_type": "histogram", "values": [0, 0, 0, 0, 0, 0, 0, 0, 0, 0, 0, 0, 0, 0, 0, 0, 0, 0, 0, 0, 0, 0, 0, 0, 0, 60000, 0, 0, 0, 0, 0, 0, 0, 0, 0, 0, 0, 0, 0, 0, 0, 0, 0, 0, 0, 0, 0, 0, 0, 0], "bins": [-0.5, -0.48, -0.46, -0.44, -0.42, -0.4, -0.38, -0.36, -0.33999999999999997, -0.32, -0.3, -0.28, -0.26, -0.24, -0.21999999999999997, -0.2, -0.18, -0.15999999999999998, -0.14, -0.12, -0.09999999999999998, -0.08000000000000002, -0.06, -0.03999999999999998, -0.020000000000000018, 0.0, 0.020000000000000018, 0.040000000000000036, 0.06000000000000005, 0.07999999999999996, 0.09999999999999998, 0.12, 0.14, 0.16000000000000003, 0.18000000000000005, 0.20000000000000007, 0.21999999999999997, 0.24, 0.26, 0.28, 0.30000000000000004, 0.32000000000000006, 0.33999999999999997, 0.36, 0.38, 0.4, 0.42000000000000004, 0.44000000000000006, 0.45999999999999996, 0.48, 0.5]}], "_timestamp": 1696335753.0888388, "_runtime": 113.56515288352966, "_step": 4, "_wandb": {"runtime": 117}}