{"Discriminator Loss": 0.3591152489185333, "Generator Loss": 5.936328850185769, "Training Accuracy": 89.52, "Test Accuracy": 90.34, "Action Heatmap": {"_type": "images/separated", "width": 28, "height": 28, "format": "png", "count": 1, "filenames": ["media/images/Action Heatmap_5_b864f350c6c577838ed0.png"], "captions": ["Action Heatmap"]}, "Brightness Histogram": [{"_type": "histogram", "values": [255, 0, 0, 0, 0, 0, 0, 0, 0, 0, 0, 0, 0, 0, 0, 0, 0, 0, 0, 0, 0, 0, 0, 0, 0, 0, 0, 0, 0, 0, 0, 0, 0, 0, 0, 0, 0, 0, 0, 0, 0, 0, 0, 0, 0, 0, 0, 0, 0, 0, 0, 0, 0, 0, 0, 0, 0, 0, 0, 0, 0, 0, 0, 1], "bins": [0.0, 3.96875, 7.9375, 11.90625, 15.875, 19.84375, 23.8125, 27.78125, 31.75, 35.71875, 39.6875, 43.65625, 47.625, 51.59375, 55.5625, 59.53125, 63.5, 67.46875, 71.4375, 75.40625, 79.375, 83.34375, 87.3125, 91.28125, 95.25, 99.21875, 103.1875, 107.15625, 111.125, 115.09375, 119.0625, 123.03125, 127.0, 130.96875, 134.9375, 138.90625, 142.875, 146.84375, 150.8125, 154.78125, 158.75, 162.71875, 166.6875, 170.65625, 174.625, 178.59375, 182.5625, 186.53125, 190.5, 194.46875, 198.4375, 202.40625, 206.375, 210.34375, 214.3125, 218.28125, 222.25, 226.21875, 230.1875, 234.15625, 238.125, 242.09375, 246.0625, 250.03125, 254.0]}], "_timestamp": 1696336262.7923975, "_runtime": 138.59544157981873, "_step": 5, "_wandb": {"runtime": 154}}